plate,row,col,plantID,index_set,index1,index2
2021-007,A,1,H1.2xH2.1-1,4,GAACAATTCC,TAGAGTTGGA
2021-007,B,1,H1.2xH2.1-2,4,TGTGGTCCGG,AGAGCACTAG
2021-007,C,1,H1.2xH2.1-3,4,CTTCTAAGTC,ACTCTACAGG
2021-007,D,1,H1.2xH2.1-4,4,AATATTGCCA,CGGTGACACC
2021-007,E,1,H1.2xH2.1-5,4,TCGTGCATTC,GCGTTGGTAT
2021-007,F,1,H1.2xL1.5-3,4,AAGATACACG,TGTGCTAACA
2021-007,G,1,H2.1_s1-4,4,TGCAATGAAT,CCAGAAGTAA
2021-007,H,1,H2.1_s1-1,4,CTATGAAGGA,CTTATACCTG
2021-007,A,2,H2.1_s1-3,4,GAAGACTAGA,ACTAGAACTT
2021-007,B,2,H2.2_s1-4,4,AGGAGTCGAG,TTAGGCTTAC
2021-007,C,2,H2.2_s1-6,4,TTCACTCACT,TATCATGAGA
2021-007,D,2,H2.2_s1-2,4,GGTCCGCTTC,CTCACACAAG
2021-007,E,2,H2.2xL2.1-1,4,CAACGAGAGC,GAATTGAGTG
2021-007,F,2,H2.2xL2.1-2,4,ATTGAGGTCC,CGGATTATAT
2021-007,G,2,H2.2xL2.1-3,4,GGAGAGACTC,TTGAAGCAGA
2021-007,H,2,H2.2xL2.1-4,4,CCGCTCCGTT,TACGGCGAAG
2021-007,A,3,H2.2xL2.1-5,4,ATACATCACA,TCTCCATTGA
2021-007,B,3,H2.2xL2.1-6,4,TAGGTATGTT,CGAGACCAAG
2021-007,C,3,H2.4xH1.2-2,4,CACCTAGCAC,TGCTGGACAT
2021-007,D,3,L1.2_s1-2,4,TTCAAGTATG,GATGGTATCG
2021-007,E,3,L1.2_s1-4,4,TTAAGACAAG,GGCTTAATTG
2021-007,F,3,L1.2_s1-5,4,CACCTCTCTT,CTCGACTCCT
2021-007,G,3,L1.2xH1.2-1,4,TTCTCGTGCA,ATACACAGAG
2021-007,H,3,L1.3xL2.4-1,4,GCTAGGAAGT,TCTCGGACGA
2021-007,A,4,L1.3xL2.4-2,4,TTAATAGCAC,ACCACGTCTG
2021-007,B,4,L1.3xL2.4-4,4,CATTCACGCT,GTTGTACTCA
2021-007,C,4,L1.3xL2.4-3,4,GGCACTAAGG,TCAGGTCAAC
2021-007,D,4,L1.3xL2.4-5,4,ATTCGGTACA,AGTCCGAGGA
2021-007,E,4,L1.3xL2.4-6,4,ACTAATCTCC,CACTTAATCT
2021-007,F,4,L1.5_s1-4,4,TGTGTTAGTA,TACTCTGTTA
2021-007,G,4,L2.1_s1-3,4,CAACGACCTA,GCGACTCGAT
2021-007,H,4,L2.1_s1-5,4,CGGTCGGCAT,CTAGGCAAGG
2021-007,A,5,L2.1_s1-6,4,TCGACGCTAG,CCTCTTCGAA
2021-007,B,5,L2.4_s1-1,4,CTCGTAGGCA,TCATCCTCTT
2021-007,C,5,L2.4_s1-2,4,AAGTTCTAGT,GGTAAGATAA
2021-007,D,5,L2.4_s1-3,4,CCAAGAGGTG,AACGAGCCAG
2021-007,E,5,L2.4xH2.1-1,4,ATATCTGCTT,TAGACAATCT
2021-007,F,5,L2.4xH2.1-2,4,TGGATCTGGC,CAATGCTGAA
2021-007,G,5,L2.4xH2.1-3,4,TTGAATCCAA,GTCACGGTGT
2021-007,H,5,L2.4xH2.1-4,4,CACGGCTAGT,GGTGTACAAG
2021-007,A,6,L2.4xH2.1-5,4,GAGCTTGCCG,AGGTTGCAGG
2021-007,B,6,L2.4xH2.1-6,4,AGCTAGCTTC,TAATACGGAG
2021-007,C,6,L2.4xL1.5-2,4,CAATCCTTGT,CGAAGACGCA
2021-007,D,6,L2.4xL1.5-3,4,CACCTGTTGC,ATTGACACAT
2021-007,E,6,L2.4xL1.5-4,4,CGTCACCTTG,CAGCCGATTG
2021-007,F,6,L2.4xL1.5-5,4,AATGACTGGT,TCTCACGCGT
2021-007,G,6,L2.4xL1.5-6,4,ATGATTCCGG,CTCTGACGTG
2021-007,H,6,6184_1,4,TTAGGCTCAA,TCGAATGGAA
2021-007,A,7,6024_3,4,TGTAAGGTGG,AAGGCCTTGG
2021-007,B,7,8249_4,4,CAACTGCAAC,TGAACGCAAC
2021-007,C,7,6024_5,4,ACATGAGTGA,CCGCTTAGCT
2021-007,D,7,6024_2,4,GCAACCAGTC,CACCGAGGAA
2021-007,E,7,6184_2_rep,4,GAGCGACGAT,CGTATAATCA
2021-007,F,7,1158_2,4,CGAACGCACC,ATGACAGAAC
2021-007,G,7,6184_2,4,TCTTACGCCG,ATTCATTGCA
2021-007,H,7,8249_1,4,AGCTGATGTC,TCATGTCCTG
2021-007,A,8,8249_1b,4,CTGAATTAGT,AATTCGATCG
2021-007,B,8,8249_2b,4,TAAGGAGGAA,TTCCGACATT
2021-007,C,8,8249_3b,4,AGCTTACACA,TGGCACGACC
2021-007,D,8,8249_4b,4,AACCAGCCAC,GCCACAGCAC
2021-007,E,8,8249_5b,4,CTTAAGTCGA,CAGTAGTTGT
2021-007,F,8,6184_1b,4,GCCTAACGTG,AGCTCTCAAG
2021-007,G,8,6184_2b,4,ACTTACTTCA,TCTGGAATTA
2021-007,H,8,6184_3b,4,CGCATTCCGT,ATTAGTGGAG
2021-007,A,9,6184_4b,4,GATATCACAC,GACTATATGT
2021-007,B,9,6184_5b,4,AGCGCTGTGT,CGTTCGGAAC
2021-007,C,9,1158_1b,4,TCACCGCGCT,TCGATACTAG
2021-007,D,9,1158_5b,4,GATAGCCTTG,TACCACAATG
2021-007,E,9,1158_3b,4,CCTGGACGCA,TGGTATACCA
2021-007,F,9,1158_6b,4,TTACGCACCT,GCTCTCGTTG
2021-007,G,9,1158_8b,4,TCGTTGCTGC,GTCTCGTGAA
2021-007,H,9,6024_1b,4,CGACAAGGAT,AAGGCCACCT
2021-007,A,10,6024_2b,4,GTGTACCTTC,CTGTGAGCTA
2021-007,B,10,6024_3b,4,ACCTGGCCAA,TCACAGATCG
2021-007,C,10,6024_4b,4,TGTCTGGCCT,AGAAGCCAAT
2021-007,D,10,6184_4,4,AGTTAATGCT,ACTGCAGCCG
2021-007,E,10,F1.25.07,4,GGTGAGTAAT,AACATCTAGT
2021-007,F,10,F1.24.03,4,TACTCTGCGC,CCTTACTATG
2021-007,G,10,F1.29.02,4,AGGTATGGCG,GTGGCGAGAC
2021-007,H,10,S1.07.03,4,TCCAGCCTGC,GCCAGATCCA
2021-007,A,11,F1.28.02,4,GCCATATAAC,ACACAATATC
2021-007,B,11,F1.15.03,4,AGTGCGAGTG,TGGAGGTAAT
2021-007,C,11,F1.23.01,4,CTGAGCCGGT,CCTTCACGTA
2021-007,D,11,F1.11.02,4,AACGGTCTAT,CTATACGCGG
2021-007,E,11,F1.12.01,4,GTTGCGTTCA,GTTGCAGTTG
2021-007,F,11,F1.20.03,4,CTTCAACCAC,TTATGCGCCT
2021-007,G,11,S1.09.04,4,TCTATTCAGT,TCTCAGTACA
2021-007,H,11,S1.12.03,4,CAAGACGTCC,AGTATACGGA
2021-007,A,12,S1.01.02,4,TGAGTACAAC,ACGCTTGGAC
2021-007,B,12,S1.14.01,4,CCGCGGTTCT,GGAGTAGATT
2021-007,C,12,S1.05.02,4,ATTGATACTG,TACACGCTCC
2021-007,D,12,S1.04.02,4,GGATTATGGA,TCCGATAGAG
2021-007,E,12,S1.07.03,4,TGGTTCTCAT,CTCAAGGCCG
2021-007,F,12,F1.29.03,4,TCAACCACGA,CAAGTTCATA
2021-007,G,12,F1.25.05,4,TATGAACTTG,AATCCTTAGG
2021-007,H,12,F1.26.03,4,AGTGGTTAAG,GGTGGAATAC
2021-013,A,1,S2.12.001,1,CGCTCAGTTC,TCGTGGAGCG
2021-013,B,1,F2.03.001,1,TATCTGACCT,CTACAAGATA
2021-013,C,1,F2.25.003,1,ATATGAGACG,TATAGTAGCT
2021-013,D,1,F2.16.001,1,CTTATGGAAT,TGCCTGGTGG
2021-013,E,1,F2.05.001,1,TAATCTCGTC,ACATTATCCT
2021-013,F,1,F2.25.002,1,GCGCGATGTT,GTCCACTTGT
2021-013,G,1,F2.27.001,1,AGAGCACTAG,TGGAACAGTA
2021-013,H,1,F2.25.001,1,TGCCTTGATC,CCTTGTTAAT
2021-013,A,2,F2.35.003,1,CTACTCAGTC,GTTGATAGTG
2021-013,B,2,S2.13.001,1,TCGTCTGACT,ACCAGCGACA
2021-013,C,2,F2.35.002,1,GAACATACGG,CATACACTGT
2021-013,D,2,F2.27.002,1,CCTATGACTC,GTGTGGCGCT
2021-013,E,2,F2.16.003,1,TAATGGCAAG,ATCACGAAGG
2021-013,F,2,F2.05.002,1,GTGCCGCTTC,CGGCTCTACT
2021-013,G,2,F2.16.002,1,CGGCAATGGA,GAATGCACGA
2021-013,H,2,F2.35.001,1,GCCGTAACCG,AAGACTATAG
2021-013,A,3,F2.05.003,1,AACCATTCTC,TCGGCAGCAA
2021-013,B,3,F2.32.001,1,GGTTGCCTCT,CTAATGATGG
2021-013,C,3,S2.12.002,1,CTAATGATGG,GGTTGCCTCT
2021-013,D,3,F2.35.005,1,TCGGCCTATC,CGCACATGGC
2021-013,E,3,F2.35.004,1,AGTCAACCAT,GGCCTGTCCT
2021-013,F,3,F2.16.005,1,GAGCGCAATA,CTGTGTTAGG
2021-013,G,3,F2.16.004,1,AACAAGGCGT,TAAGGAACGT
2021-013,H,3,F2.27.003,1,GTATGTAGAA,CTAACTGTAA
2021-013,A,4,F2.27.005,1,TTCTATGGTT,GGCGAGATGG
2021-013,B,4,F2.35.006,1,CCTCGCAACC,AATAGAGCAA
2021-013,C,4,F2.27.004,1,TGGATGCTTA,TCAATCCATT
2021-013,D,4,F2.05.004,1,ATGTCGTGGT,TCGTATGCGG
2021-013,E,4,F2.16.006,1,AGAGTGCGGC,TCCGACCTCG
2021-013,F,4,F2.32.003,1,TGCCTGGTGG,CTTATGGAAT
2021-013,G,4,Col0_2021-013_G4,1,TGCGTGTCAC,GCTTACGGAC
2021-013,H,4,F2.32.002,1,CATACACTGT,GAACATACGG
2021-013,A,5,F2.03.005,1,CGTATAATCA,GTCGATTACA
2021-013,B,5,F2.03.004,1,TACGCGGCTG,ACTAGCCGTG
2021-013,C,5,F2.27.006,1,GCGAGTTACC,AAGTTGGTGA
2021-013,D,5,F2.35.008,1,TACGGCCGGT,TGGCAATATT
2021-013,E,5,F2.35.007,1,GTCGATTACA,GATCACCGCG
2021-013,F,5,F2.03.003,1,CTGTCTGCAC,TACCATCCGT
2021-013,G,5,F2.32.004,1,CAGCCGATTG,GCTGTAGGAA
2021-013,H,5,S2.14.001,1,TGACTACATA,CGCACTAATG
2021-013,A,6,F2.32.005,1,ATTGCCGAGT,GACAACTGAA
2021-013,B,6,F2.05.005,1,GCCATTAGAC,AGTGGTCAGG
2021-013,C,6,F2.03.008,1,GGCGAGATGG,TTCTATGGTT
2021-013,D,6,F2.25.004,1,TGGCTCGCAG,AATCCGGCCA
2021-013,E,6,F2.03.007,1,TAGAATAACG,CCATAAGGTT
2021-013,F,6,F2.16.008,1,TAATGGATCT,ATCTCTACCA
2021-013,G,6,F2.03.006,1,TATCCAGGAC,CGGTGGCGAA
2021-013,H,6,F2.16.007,1,AGTGCCACTG,TAACAATAGG
2021-013,A,7,F2.35.009,1,GTGCAACACT,CTGGTACACG
2021-013,B,7,F2.27.007,1,ACATGGTGTC,TCAACGTGTA
2021-013,C,7,F2.16.011,1,GACAGACAGG,ACTGTTGTGA
2021-013,D,7,F2.32.006,1,TCTTACATCA,GTGCGTCCTT
2021-013,E,7,F2.25.006,1,TTACAATTCC,AGCACATCCT
2021-013,F,7,F2.25.005,1,AAGCTTATGC,TTCCGTCGCA
2021-013,G,7,F2.16.010,1,TATTCCTCAG,CTTAACCACT
2021-013,H,7,F2.16.009,1,CTCGTGCGTT,GCCTCGGATA
2021-013,A,8,Col0_2021-013_A8,1,TTAGGATAGA,CGTCGACTGG
2021-013,B,8,F2.32.008,1,CCGAAGCGAG,TACTAGTCAA
2021-013,C,8,F2.25.007,1,GGACCAACAG,ATAGACCGTT
2021-013,D,8,F2.35.011,1,TTCCAGGTAA,ACAGTTCCAG
2021-013,E,8,F2.16.012,1,TGATTAGCCA,AGGCATGTAG
2021-013,F,8,F2.32.007,1,TAACAGTGTT,GCAAGTCTCA
2021-013,G,8,F2.05.006,1,ACCGCGCAAT,TTGGCTCCGC
2021-013,H,8,F2.35.010,1,GTTCGCGCCA,AACTGATACT
2021-013,A,9,F2.32.010,1,AGACACATTA,GTAAGGCATA
2021-013,B,9,F2.05.008,1,GCGTTGGTAT,AATTGCTGCG
2021-013,C,9,F2.35.012,1,AGCACATCCT,TTACAATTCC
2021-013,D,9,S2.06.001,1,TTGTTCCGTG,AACCTAGCAC
2021-013,E,9,F2.03.010,1,AAGTACTCCA,TCTGTGTGGA
2021-013,F,9,F2.05.007,1,ACGTCAATAC,GGAATTCCAA
2021-013,G,9,F2.27.008,1,GGTGTACAAG,AAGCGCGCTT
2021-013,H,9,F2.32.009,1,CCACCTGTGT,TGAGCGTTGT
2021-013,A,10,F2.16.013,1,GTTCCGCAGG,ATCATAGGCT
2021-013,B,10,F2.25.008,1,ACCTTATGAA,TGTTAGAAGG
2021-013,C,10,F2.32.011,1,CGCTGCAGAG,GATGGATGTA
2021-013,D,10,F2.35.013,1,GTAGAGTCAG,ACGGCCGTCA
2021-013,E,10,F2.27.009,1,GGATACCAGA,CGTTGCTTAC
2021-013,F,10,Col0_2021-013_F10,1,CGCACTAATG,TGACTACATA
2021-013,G,10,F2.05.010,1,TCCTGACCGT,CGGCCTCGTT
2021-013,H,10,F2.05.009,1,CTGGCTTGCC,CAAGCATCCG
2021-013,A,11,F2.05.013,1,ACCAGCGACA,TCGTCTGACT
2021-013,B,11,F2.25.010,1,TTGTAACGGT,CTCATAGCGA
2021-013,C,11,F2.32.013,1,GTAAGGCATA,AGACACATTA
2021-013,D,11,F2.25.009,1,GTCCACTTGT,GCGCGATGTT
2021-013,E,11,F2.05.012,1,TTAGGTACCA,CATGAGTACT
2021-013,F,11,F2.32.012,1,GGAATTCCAA,ACGTCAATAC
2021-013,G,11,F2.27.011,1,CATGTAGAGG,GATACCTCCT
2021-013,H,11,F2.27.010,1,TACACGCTCC,ATCCGTAAGT
2021-013,A,12,F2.25.013,1,GCTTACGGAC,CGTGTATCTT
2021-013,B,12,F2.03.013,1,CGCTTGAAGT,GAACCATGAA
2021-013,C,12,F2.27.013,1,CGCCTTCTGA,GGCCATCATA
2021-013,D,12,F2.25.012,1,ATACCAACGC,ACATACTTCC
2021-013,E,12,F2.25.011,1,CTGGATATGT,TATGTGCAAT
2021-013,F,12,F2.03.012,1,CAATCTATGA,GATTAAGGTG
2021-013,G,12,F2.27.012,1,GGTGGAATAC,ATGTAGACAA
2021-013,H,12,F2.03.011,1,TGGACGGAGG,CACATCGGTG
2021-014,A,1,F2.25.015,2,TGCCGGTCAG,CCTGATACAA
2021-014,B,1,F2.03.015,2,CACTCAATTC,TTAAGTTGTG
2021-014,C,1,F2.32.015,2,TCTCACACGC,CGGACAGTGA
2021-014,D,1,F2.32.014,2,TCAATGGAGA,GCACTACAAC
2021-014,E,1,F2.25.014,2,ATATGCATGT,TGGTGCCTGG
2021-014,F,1,F2.05.015,2,ATGGCGCCTG,TCCACGGCCT
2021-014,G,1,F2.05.014,2,TCCGTTATGT,TTGTAGTGTA
2021-014,H,1,F2.03.014,2,GGTCTATTAA,CCACGACACG
2021-014,A,2,F2.32.017,2,CAGCAATCGT,TGTGATGTAT
2021-014,B,2,S2.15.001,2,TTCTGTAGAA,GAGCGCAATA
2021-014,C,2,F2.32.016,2,GAACGCAATA,ATCTTACTGT
2021-014,D,2,F2.35.015,2,AGTACTCATG,ATGTCGTGGT
2021-014,E,2,F2.16.014,2,GGTAGAATTA,GTAGCCATCA
2021-014,F,2,F2.35.014,2,TAATTAGCGT,TGGTTAAGAA
2021-014,G,2,F2.03.016,2,ATTAACAAGG,TGTTGTTCGT
2021-014,H,2,F2.25.016,2,TGATGGCTAC,CCAACAACAT
2021-014,A,3,F2.25.020,2,GAATTACAAG,ACCGGCTCAG
2021-014,B,3,F2.05.017,2,TAGAATTGGA,GTTAATCTGA
2021-014,C,3,S2.12.003,2,AGGCAGCTCT,CGGCTAACGT
2021-014,D,3,F2.25.019,2,ATCGGCGAAG,TCCAAGAATT
2021-014,E,3,F2.25.018,2,CCGTGACCGA,CCGAACGTTG
2021-014,F,3,F2.25.017,2,ATACTTGTTC,TAACCGCCGA
2021-014,G,3,F2.27.014,2,TCCGCCAATT,CTCCGTGCTG
2021-014,H,3,F2.05.016,2,AGGACAGGCC,CATTCCAGCT
2021-014,A,4,F2.32.018,2,AGAGAACCTA,GGTTATGCTA
2021-014,B,4,F2.05.018,2,GATATTGTGT,ACCACACGGT
2021-014,C,4,F2.16.016,2,CGTACAGGAA,TAGGTTCTCT
2021-014,D,4,blank_2021-014_D4,2,CTGCGTTACC,TATGGCTCGA
2021-014,E,4,F2.27.016,2,AGGCCGTGGA,CTCGTGCGTT
2021-014,F,4,S2.15.002,2,AGGAGGTATC,CCAGTTGGCA
2021-014,G,4,F2.16.015,2,GCTGACGTTG,TGTTCGCATT
2021-014,H,4,F2.27.015,2,CTAATAACCG,AACCGCATCG
2021-014,A,5,F2.05.020,2,TCTAGGCGCG,CGAAGGTTAA
2021-014,B,5,F2.32.019,2,ATAGCCAAGA,AGTGCCACTG
2021-014,C,5,S2.06.002,2,TTCGGTGTGA,GAACAAGTAT
2021-014,D,5,F2.27.018,2,ATGTAACGTT,ACGATTGCTG
2021-014,E,5,F2.27.017,2,AACGAGGCCG,ATACCTGGAT
2021-014,F,5,F2.05.019,2,TGGTGTTATG,TCCAATTCTA
2021-014,G,5,Col0_2021-014_G5,2,TGGCCTCTGT,TGAGACAGCG
2021-014,H,5,F2.35.016,2,CCAGGCACCA,ACGCTAATTA
2021-014,A,6,F2.35.017,2,CCGGTTCCTA,TATATTCGAG
2021-014,B,6,F2.27.021,2,GGCCAATATT,CGGTCCGATA
2021-014,C,6,F2.27.020,2,GAATACCTAT,ACAATAGAGT
2021-014,D,6,S2.12.004,2,TACGTGAAGG,CGGTTATTAG
2021-014,E,6,F2.27.019,2,CTTATTGGCC,GATAACAAGT
2021-014,F,6,F2.16.018,2,ACAACTACTG,AGTTATCACA
2021-014,G,6,F2.32.020,2,GTTGGATGAA,TTCCAGGTAA
2021-014,H,6,F2.16.017,2,AATCCAATTG,CATGTAGAGG
2021-014,A,7,F2.16.019,2,TATGATGGCC,GATTGTCATA
2021-014,B,7,Col0_2021-014_B7,2,CGCAGCAATT,ATTCCGCTAT
2021-014,C,7,F2.35.019,2,ACGTTCCTTA,GACCGCTGTG
2021-014,D,7,F2.32.022,2,CCGCGTATAG,TAGGAACCGG
2021-014,E,7,F2.05.021,2,GATTCTGAAT,AGCGGTGGAC
2021-014,F,7,F2.32.021,2,TAGAGAATAC,TATAGATTCG
2021-014,G,7,F2.25.021,2,TTGTATCAGG,ACAGAGGCCA
2021-014,H,7,F2.35.018,2,CACAGCGGTC,ATTCCTATTG
2021-014,A,8,F2.35.022,2,CCACGCTGAA,TATTCCTCAG
2021-014,B,8,F2.25.022,2,GTTCGGAGTT,CGCCTTCTGA
2021-014,C,8,blank_2021-014_C8,2,ATAGCGGAAT,GCGCAGAGTA
2021-014,D,8,F2.16.020,2,GCAATATTCA,GGCGCCAATT
2021-014,E,8,F2.32.023,2,CTAGATTGCG,AGATATGGCG
2021-014,F,8,F2.35.021,2,CGATGCGGTT,CCTGCTTGGT
2021-014,G,8,F2.27.022,2,TCCGGACTAG,GACGAACAAT
2021-014,H,8,F2.35.020,2,GTGACGGAGC,TGGCGGTCCA
2021-014,A,9,F2.16.022,2,AATTCCATCT,CTTCAGTTAC
2021-014,B,9,F2.03.022,2,TTAACGGTGT,TCCTGACCGT
2021-014,C,9,F2.03.021,2,ACTTGTTATC,CGCGCCTAGA
2021-014,D,9,F2.27.024,2,CGTGTACCAG,AGGATAAGTT
2021-014,E,9,F2.27.023,2,TTAACCTTCG,AGGCCAGACA
2021-014,F,9,F2.03.020,2,CATATGCGAT,CCTTGAACGG
2021-014,G,9,F2.25.024,2,AGCCTATGAT,CACCACCTAC
2021-014,H,9,F2.25.023,2,TATGACAATC,TTGCTTGTAT
2021-014,A,10,F2.05.022,2,ATGTTGTTGG,CAATCTATGA
2021-014,B,10,F2.35.024,2,GCACCACCAA,TGGTACTGAT
2021-014,C,10,F2.25.026,2,AGGCGTTCGC,TTCATCCAAC
2021-014,D,10,Col0_2021-014_D10,2,CCTCCGGTTG,CATAACACCA
2021-014,E,10,F2.25.025,2,GTCCACCGCT,TCCTATTAGC
2021-014,F,10,F2.16.023,2,ATTGTTCGTC,TCTCTAGATT
2021-014,G,10,F2.32.024,2,GGACCAGTGG,CGCGAGCCTA
2021-014,H,10,F2.35.023,2,CCTTCTAACA,GATAAGCTCT
2021-014,A,11,F2.05.026,2,CTCGAATATA,GAGATGTCGA
2021-014,B,11,F2.32.026,2,GATCGTCGCG,CTGGATATGT
2021-014,C,11,F2.32.025,2,TATCCGAGGC,GGCCAATAAG
2021-014,D,11,F2.03.025,2,CGCTGTCTCA,ATTACTCACC
2021-014,E,11,F2.05.025,2,AATGCGAACA,AATTGGCGGA
2021-014,F,11,F2.05.024,2,AATTCTTGGA,TTGTCAACTT
2021-014,G,11,F2.05.023,2,TTCCTACAGC,GGCGAATTCT
2021-014,H,11,F2.03.024,2,ATCCAGGTAT,CAACGTCAGC
2021-014,A,12,F2.27.026,2,ACGGTCCAAC,TCTTACATCA
2021-014,B,12,F2.35.026,2,GTAACTTGGT,CGCCATACCT
2021-014,C,12,F2.27.025,2,AGCGCCACAC,CTAATGTCTT
2021-014,D,12,F2.16.026,2,TGCTACTGCC,CAACCGGAGG
2021-014,E,12,F2.35.025,2,CAACACCGCA,GGCAGTAGCA
2021-014,F,12,F2.16.025,2,CACCTTAATC,TTAGGATAGA
2021-014,G,12,F2.03.026,2,TTGAATGTTG,CGCAATCTAG
2021-014,H,12,F2.16.024,2,CCGGTAACAC,GAGTTGTACT
2021-015,A,1,F2.25.028,4,GAACAATTCC,TAGAGTTGGA
2021-015,B,1,F2.27.028,4,TGTGGTCCGG,AGAGCACTAG
2021-015,C,1,F2.05.028,4,CTTCTAAGTC,ACTCTACAGG
2021-015,D,1,F2.05.027,4,AATATTGCCA,CGGTGACACC
2021-015,E,1,F2.03.027,4,TCGTGCATTC,GCGTTGGTAT
2021-015,F,1,F2.25.027,4,AAGATACACG,TGTGCTAACA
2021-015,G,1,F2.27.027,4,TGCAATGAAT,CCAGAAGTAA
2021-015,H,1,F2.32.027,4,CTATGAAGGA,CTTATACCTG
2021-015,A,2,F2.05.030,4,GAAGACTAGA,ACTAGAACTT
2021-015,B,2,F2.27.030,4,AGGAGTCGAG,TTAGGCTTAC
2021-015,C,2,F2.27.029,4,TTCACTCACT,TATCATGAGA
2021-015,D,2,F2.32.028,4,GGTCCGCTTC,CTCACACAAG
2021-015,E,2,F2.25.029,4,CAACGAGAGC,GAATTGAGTG
2021-015,F,2,F2.16.028,4,ATTGAGGTCC,CGGATTATAT
2021-015,G,2,F2.05.029,4,GGAGAGACTC,TTGAAGCAGA
2021-015,H,2,F2.16.027,4,CCGCTCCGTT,TACGGCGAAG
2021-015,A,3,F2.25.032,4,ATACATCACA,TCTCCATTGA
2021-015,B,3,F2.03.028,4,TAGGTATGTT,CGAGACCAAG
2021-015,C,3,F2.27.031,4,CACCTAGCAC,TGCTGGACAT
2021-015,D,3,F2.32.029,4,TTCAAGTATG,GATGGTATCG
2021-015,E,3,F2.35.027,4,TTAAGACAAG,GGCTTAATTG
2021-015,F,3,F2.25.031,4,CACCTCTCTT,CTCGACTCCT
2021-015,G,3,F2.05.031,4,TTCTCGTGCA,ATACACAGAG
2021-015,H,3,F2.25.030,4,GCTAGGAAGT,TCTCGGACGA
2021-015,A,4,blank_2021-015_A4,4,TTAATAGCAC,ACCACGTCTG
2021-015,B,4,F2.16.029,4,CATTCACGCT,GTTGTACTCA
2021-015,C,4,F2.32.030,4,GGCACTAAGG,TCAGGTCAAC
2021-015,D,4,F2.05.032,4,ATTCGGTACA,AGTCCGAGGA
2021-015,E,4,F2.25.034,4,ACTAATCTCC,CACTTAATCT
2021-015,F,4,F2.25.033,4,TGTGTTAGTA,TACTCTGTTA
2021-015,G,4,F2.27.032,4,CAACGACCTA,GCGACTCGAT
2021-015,H,4,F2.35.028,4,CGGTCGGCAT,CTAGGCAAGG
2021-015,A,5,S2.14.002,4,TCGACGCTAG,CCTCTTCGAA
2021-015,B,5,F2.05.034,4,CTCGTAGGCA,TCATCCTCTT
2021-015,C,5,F2.16.031,4,AAGTTCTAGT,GGTAAGATAA
2021-015,D,5,F2.27.034,4,CCAAGAGGTG,AACGAGCCAG
2021-015,E,5,F2.25.035,4,ATATCTGCTT,TAGACAATCT
2021-015,F,5,Col0_2021-015_F5,4,TGGATCTGGC,CAATGCTGAA
2021-015,G,5,F2.27.033,4,TTGAATCCAA,GTCACGGTGT
2021-015,H,5,F2.05.033,4,CACGGCTAGT,GGTGTACAAG
2021-015,A,6,F2.35.030,4,GAGCTTGCCG,AGGTTGCAGG
2021-015,B,6,F2.03.032,4,AGCTAGCTTC,TAATACGGAG
2021-015,C,6,F2.35.029,4,CAATCCTTGT,CGAAGACGCA
2021-015,D,6,F2.03.031,4,CACCTGTTGC,ATTGACACAT
2021-015,E,6,F2.03.030,4,CGTCACCTTG,CAGCCGATTG
2021-015,F,6,F2.16.032,4,AATGACTGGT,TCTCACGCGT
2021-015,G,6,F2.25.036,4,ATGATTCCGG,CTCTGACGTG
2021-015,H,6,F2.27.035,4,TTAGGCTCAA,TCGAATGGAA
2021-015,A,7,F2.05.035,4,TGTAAGGTGG,AAGGCCTTGG
2021-015,B,7,F2.35.033,4,CAACTGCAAC,TGAACGCAAC
2021-015,C,7,F2.32.031,4,ACATGAGTGA,CCGCTTAGCT
2021-015,D,7,S2.15.003,4,GCAACCAGTC,CACCGAGGAA
2021-015,E,7,F2.35.032,4,GAGCGACGAT,CGTATAATCA
2021-015,F,7,F2.35.031,4,CGAACGCACC,ATGACAGAAC
2021-015,G,7,F2.16.033,4,TCTTACGCCG,ATTCATTGCA
2021-015,H,7,F2.03.033,4,AGCTGATGTC,TCATGTCCTG
2021-015,A,8,blank_2021-015_A8,4,CTGAATTAGT,AATTCGATCG
2021-015,B,8,F2.16.035,4,TAAGGAGGAA,TTCCGACATT
2021-015,C,8,F2.32.033,4,AGCTTACACA,TGGCACGACC
2021-015,D,8,F2.32.032,4,AACCAGCCAC,GCCACAGCAC
2021-015,E,8,F2.35.034,4,CTTAAGTCGA,CAGTAGTTGT
2021-015,F,8,F2.16.034,4,GCCTAACGTG,AGCTCTCAAG
2021-015,G,8,F2.05.036,4,ACTTACTTCA,TCTGGAATTA
2021-015,H,8,F2.25.037,4,CGCATTCCGT,ATTAGTGGAG
2021-015,A,9,F2.27.037,4,GATATCACAC,GACTATATGT
2021-015,B,9,F2.03.035,4,AGCGCTGTGT,CGTTCGGAAC
2021-015,C,9,blank_2021-015_C9,4,TCACCGCGCT,TCGATACTAG
2021-015,D,9,F2.03.034,4,GATAGCCTTG,TACCACAATG
2021-015,E,9,F2.27.036,4,CCTGGACGCA,TGGTATACCA
2021-015,F,9,Col0_2021-015_F9,4,TTACGCACCT,GCTCTCGTTG
2021-015,G,9,F2.32.035,4,TCGTTGCTGC,GTCTCGTGAA
2021-015,H,9,F2.32.034,4,CGACAAGGAT,AAGGCCACCT
2021-015,A,10,F2.03.036,4,GTGTACCTTC,CTGTGAGCTA
2021-015,B,10,F2.05.039,4,ACCTGGCCAA,TCACAGATCG
2021-015,C,10,F2.35.035,4,TGTCTGGCCT,AGAAGCCAAT
2021-015,D,10,F2.05.038,4,AGTTAATGCT,ACTGCAGCCG
2021-015,E,10,F2.05.037,4,GGTGAGTAAT,AACATCTAGT
2021-015,F,10,S2.14.003,4,TACTCTGCGC,CCTTACTATG
2021-015,G,10,F2.16.038,4,AGGTATGGCG,GTGGCGAGAC
2021-015,H,10,F2.25.038,4,TCCAGCCTGC,GCCAGATCCA
2021-015,A,11,F2.32.038,4,GCCATATAAC,ACACAATATC
2021-015,B,11,F2.35.037,4,AGTGCGAGTG,TGGAGGTAAT
2021-015,C,11,F2.03.037,4,CTGAGCCGGT,CCTTCACGTA
2021-015,D,11,F2.27.038,4,AACGGTCTAT,CTATACGCGG
2021-015,E,11,S2.14.004,4,GTTGCGTTCA,GTTGCAGTTG
2021-015,F,11,F2.35.036,4,CTTCAACCAC,TTATGCGCCT
2021-015,G,11,Col0_2021-015_G11,4,TCTATTCAGT,TCTCAGTACA
2021-015,H,11,F2.32.036,4,CAAGACGTCC,AGTATACGGA
2021-015,A,12,F2.03.039,4,TGAGTACAAC,ACGCTTGGAC
2021-015,B,12,F2.03.038,4,CCGCGGTTCT,GGAGTAGATT
2021-015,C,12,F2.35.039,4,ATTGATACTG,TACACGCTCC
2021-015,D,12,F2.35.038,4,GGATTATGGA,TCCGATAGAG
2021-015,E,12,F2.16.039,4,TGGTTCTCAT,CTCAAGGCCG
2021-015,F,12,F2.27.039,4,TCAACCACGA,CAAGTTCATA
2021-015,G,12,F2.25.039,4,TATGAACTTG,AATCCTTAGG
2021-015,H,12,F2.32.039,4,AGTGGTTAAG,GGTGGAATAC
2021-016,A,1,F2.32.042,3,TCTCATGATA,AACACGTGGA
2021-016,B,1,F2.35.040,3,CGAGGCCAAG,GTGTTACCGG
2021-016,C,1,F2.16.041,3,TTCACGAGAC,AGATTGTTAC
2021-016,D,1,F2.25.041,3,GCGTGGATGG,TTGACCAATG
2021-016,E,1,F2.16.040,3,TCCTGGTTGT,CTGACCGGCA
2021-016,F,1,F2.32.041,3,TAATTCTGCT,TCTCATCAAT
2021-016,G,1,F2.25.040,3,CGCACGACTG,GGACCAACAG
2021-016,H,1,F2.32.040,3,GAGGTTAGAC,AATGTATTGC
2021-016,A,2,F2.05.041,3,AACCGAGTTC,GATCTCTGGA
2021-016,B,2,F2.27.042,3,TGTGATAACT,CAGGCGCCAT
2021-016,C,2,F2.03.042,3,AGTATGCTAC,TTAATAGACC
2021-016,D,2,F2.03.041,3,GTAACTGAAG,GGAGTCGCGA
2021-016,E,2,F2.03.040,3,TCCTCGGACT,AACGCCAGAG
2021-016,F,2,F2.05.040,3,CTGGAACTGT,CGTAATTAAC
2021-016,G,2,F2.27.041,3,GAATATGCGG,ACGAGACTGA
2021-016,H,2,F2.27.040,3,GATCGGATAA,GTATCGGCCG
2021-016,A,3,F2.25.043,3,GCTAGACTAT,AATACGACAT
2021-016,B,3,F2.35.042,3,AGCTACTATA,GTTATATGGC
2021-016,C,3,F2.35.041,3,CCACCGGAGT,GCCTGCCATG
2021-016,D,3,F2.03.044,3,CTTACCGCAC,TAAGACCTAT
2021-016,E,3,F2.03.043,3,TTAGGATATC,TATACCATGG
2021-016,F,3,F2.16.042,3,TTATACGCGA,GCCGTCTGTT
2021-016,G,3,F2.25.042,3,CGCTTAGAAT,CAGAGTGATA
2021-016,H,3,S2.14.005,3,CCGAAGCGCT,TGCTAACTAT
2021-016,A,4,F2.16.043,3,CACTATCAAC,TCAGTTAATG
2021-016,B,4,F2.27.043,3,TTGCTCTATT,GTGACCTTGA
2021-016,C,4,S2.01.003,3,TTACAGTTAG,ACATGCATAT
2021-016,D,4,F2.35.044,3,CTAAGTACGC,AACATACCTA
2021-016,E,4,S2.01.002,3,TAGTTCGGTA,CCATGTGTAG
2021-016,F,4,F2.35.043,3,CTATTACTAC,GAGTCTCTCC
2021-016,G,4,F2.32.043,3,TAGCATAACC,GCTATGCGCA
2021-016,H,4,F2.03.045,3,ACTCTATTGT,ATCGCATATG
2021-016,A,5,F2.27.046,3,TAGTGGAAGC,AGTACCTATA
2021-016,B,5,F2.27.045,3,CGCCATATCT,GACCGGAGAT
2021-016,C,5,F2.05.042,3,GCTTCATATT,CGTTCAGCCT
2021-016,D,5,F2.27.044,3,ACTAGCGCTA,TTACTTCCTC
2021-016,E,5,F2.25.045,3,GCTCTTAACT,CACGTCCACC
2021-016,F,5,F2.16.044,3,GTGGTATCTG,GCTACTATCT
2021-016,G,5,F2.32.044,3,TGACGGCCGT,AGTCAACCAT
2021-016,H,5,F2.25.044,3,CAGTAATTAC,CGAGGCGGTA
2021-016,A,6,F2.05.043,3,TACAAGACTT,CAGGTGTTCA
2021-016,B,6,F2.25.046,3,CTGTGGTGAC,GACAGACAGG
2021-016,C,6,F2.35.047,3,CTCCACTAAT,TGTACTTGTT
2021-016,D,6,F2.27.047,3,ATAGTTAGCA,CTCTAAGTAG
2021-016,E,6,F2.35.046,3,ATAGGTCTTA,GTCACCACAG
2021-016,F,6,F2.35.045,3,TTCTTAACCA,TCTACATACC
2021-016,G,6,F2.16.045,3,AAGGAAGAGT,CACGTTAGGC
2021-016,H,6,F2.32.045,3,GGAAGGAGAC,TGGTGAGTCT
2021-016,A,7,F2.05.045,3,TGAACGCGGA,CTTCGAAGGA
2021-016,B,7,F2.35.049,3,CCTGCAACCT,GTAGAGTCAG
2021-016,C,7,blank_2021-016_C7,3,TTCATGGTTC,GACATTGTCA
2021-016,D,7,F2.27.049,3,ATCCTCTCAA,TCCGCAAGGC
2021-016,E,7,F2.27.048,3,CACTAGACCA,ACTGCCTTAT
2021-016,F,7,F2.35.048,3,ATTATCCACT,TACGCACGTA
2021-016,G,7,F2.03.046,3,ATGGCGTGCC,CGCTTGAAGT
2021-016,H,7,F2.05.044,3,TCCAGAGATC,CTGCACTTCA
2021-016,A,8,F2.16.047,3,ATGTCCAGCA,CAGCGGACAA
2021-016,B,8,F2.16.046,3,CAACGTTCGG,GGATCCGCAT
2021-016,C,8,F2.03.048,3,GCGTATTAAT,TGCGGTGTTG
2021-016,D,8,F2.25.048,3,GTTGTGACTA,ACATAACGGA
2021-016,E,8,F2.35.050,3,TCTCAATACC,GACGTTCGCG
2021-016,F,8,F2.25.047,3,AAGCATCTTG,CATTCAACAA
2021-016,G,8,F2.03.047,3,TCAGTCTCGT,CACGGATTAT
2021-016,H,8,F2.32.046,3,TGCAAGATAA,TTGAGGACGG
2021-016,A,9,F2.05.047,3,GTAACAATCT,CTCTGTATAC
2021-016,B,9,F2.03.049,3,CAGCGGTAGA,GCAACAGGTG
2021-016,C,9,S2.15.004,3,TCATACCGTT,GGTAACGCAG
2021-016,D,9,F2.27.050,3,GGCGCCATTG,ACCGCGCAAT
2021-016,E,9,blank_2021-016_E9,3,AGCGAATTAG,AGCCGGAACA
2021-016,F,9,F2.16.048,3,TTAGACCATG,TCCTAGGAAG
2021-016,G,9,F2.05.046,3,CACACAGTAT,TTGAGCCTAA
2021-016,H,9,F2.32.047,3,TCTTGTCGGC,CCACCTGTGT
2021-016,A,10,F2.27.051,3,TACCGCCTCG,CCTCGCAACC
2021-016,B,10,F2.25.050,3,CTGTTATATC,GTATAGCTGT
2021-016,C,10,F2.25.049,3,TAACCGGCGA,GCTACATTAG
2021-016,D,10,F2.32.050,3,AAGAGAGTCT,TACGAATCTT
2021-016,E,10,F2.05.049,3,GTAGGCGAGC,TAGGAGCGCA
2021-016,F,10,F2.05.048,3,AACTTATCCT,GTACTGGCGT
2021-016,G,10,F2.16.049,3,ATTATGTCTC,AGTTAAGAGC
2021-016,H,10,F2.32.049,3,TATAACAGCT,TCGCGTATAA
2021-016,A,11,F2.16.052,3,CCAATGATAC,GAGTGTGCCG
2021-016,B,11,F2.05.050,3,GAGGCCTATT,CTAGTCCGGA
2021-016,C,11,F2.03.051,3,AGCTAAGCGG,ATTAATACGC
2021-016,D,11,F2.16.051,3,CTTCCTAGGA,CCTAGAGTAT
2021-016,E,11,F2.35.051,3,CGATCTGTGA,TAGGAAGACT
2021-016,F,11,F2.25.051,3,GTGGACAAGT,CCGTGGCCTT
2021-016,G,11,F2.16.050,3,AACAAGTACA,GGATATATCC
2021-016,H,11,F2.03.050,3,AGATTAAGTG,CACCTCTTGG
2021-016,A,12,F2.32.052,3,TATCACTCTG,AACGTTACAT
2021-016,B,12,F2.35.052,3,AGAATTCGCC,CGGCAAGCTC
2021-016,C,12,blank_2021-016_C12,3,CCTGACCACT,TCTTGGCTAT
2021-016,D,12,F2.05.052,3,AGCTGGAATG,ACGGAATGCG
2021-016,E,12,F2.05.051,3,TGATAACGAG,GTTCCGCAGG
2021-016,F,12,F2.25.052,3,CATAGTAAGG,ACCAAGTTAC
2021-016,G,12,F2.32.051,3,ATTGGCTTCT,TGGCTCGCAG
2021-016,H,12,F2.27.052,3,GTACCGATTA,AACTAACGTT
2022-005,A,1,F3.22.001,4,GAACAATTCC,TAGAGTTGGA
2022-005,B,1,F3.19.001,4,TGTGGTCCGG,AGAGCACTAG
2022-005,C,1,S3.02.001,4,CTTCTAAGTC,ACTCTACAGG
2022-005,D,1,F3.36.001,4,AATATTGCCA,CGGTGACACC
2022-005,E,1,S2.38.001,4,TCGTGCATTC,GCGTTGGTAT
2022-005,F,1,Col0_2022-005_F1,4,AAGATACACG,TGTGCTAACA
2022-005,G,1,F3.37.001,4,TGCAATGAAT,CCAGAAGTAA
2022-005,H,1,F3.38.001,4,CTATGAAGGA,CTTATACCTG
2022-005,A,2,S3.07.001,4,GAAGACTAGA,ACTAGAACTT
2022-005,B,2,F3.35.001,4,AGGAGTCGAG,TTAGGCTTAC
2022-005,C,2,F3.29.001,4,TTCACTCACT,TATCATGAGA
2022-005,D,2,F3.15.001,4,GGTCCGCTTC,CTCACACAAG
2022-005,E,2,F3.40.001,4,CAACGAGAGC,GAATTGAGTG
2022-005,F,2,F3.05.001,4,ATTGAGGTCC,CGGATTATAT
2022-005,G,2,F3.11.001,4,GGAGAGACTC,TTGAAGCAGA
2022-005,H,2,S3.03.001,4,CCGCTCCGTT,TACGGCGAAG
2022-005,A,3,S3.08.001,4,ATACATCACA,TCTCCATTGA
2022-005,B,3,F3.03.001,4,TAGGTATGTT,CGAGACCAAG
2022-005,C,3,S2.37.001,4,CACCTAGCAC,TGCTGGACAT
2022-005,D,3,F3.31.001,4,TTCAAGTATG,GATGGTATCG
2022-005,E,3,F3.13.001,4,TTAAGACAAG,GGCTTAATTG
2022-005,F,3,F3.39.001,4,CACCTCTCTT,CTCGACTCCT
2022-005,G,3,S3.05.001,4,TTCTCGTGCA,ATACACAGAG
2022-005,H,3,F3.30.001,4,GCTAGGAAGT,TCTCGGACGA
2022-005,A,4,F3.33.001,4,TTAATAGCAC,ACCACGTCTG
2022-005,B,4,S3.06.001,4,CATTCACGCT,GTTGTACTCA
2022-005,C,4,F3.12.001,4,GGCACTAAGG,TCAGGTCAAC
2022-005,D,4,F3.04.001,4,ATTCGGTACA,AGTCCGAGGA
2022-005,E,4,F3.21.001,4,ACTAATCTCC,CACTTAATCT
2022-005,F,4,F3.28.001,4,TGTGTTAGTA,TACTCTGTTA
2022-005,G,4,F3.17.001,4,CAACGACCTA,GCGACTCGAT
2022-005,H,4,F3.02.001,4,CGGTCGGCAT,CTAGGCAAGG
2022-005,A,5,S3.04.001,4,TCGACGCTAG,CCTCTTCGAA
2022-005,B,5,F3.18.001,4,CTCGTAGGCA,TCATCCTCTT
2022-005,C,5,S3.09.001,4,AAGTTCTAGT,GGTAAGATAA
2022-005,D,5,S2.36.001,4,CCAAGAGGTG,AACGAGCCAG
2022-005,E,5,F3.34.001,4,ATATCTGCTT,TAGACAATCT
2022-005,F,5,F3.24.001,4,TGGATCTGGC,CAATGCTGAA
2022-005,G,5,F3.14.001,4,TTGAATCCAA,GTCACGGTGT
2022-005,H,5,F3.27.001,4,CACGGCTAGT,GGTGTACAAG
2022-005,A,6,F3.23.001,4,GAGCTTGCCG,AGGTTGCAGG
2022-005,B,6,F3.16.001,4,AGCTAGCTTC,TAATACGGAG
2022-005,C,6,S3.01.001,4,CAATCCTTGT,CGAAGACGCA
2022-005,D,6,F3.26.001,4,CACCTGTTGC,ATTGACACAT
2022-005,E,6,F3.01.001,4,CGTCACCTTG,CAGCCGATTG
2022-005,F,6,F3.20.001,4,AATGACTGGT,TCTCACGCGT
2022-005,G,6,F3.32.001,4,ATGATTCCGG,CTCTGACGTG
2022-005,H,6,F3.25.001,4,TTAGGCTCAA,TCGAATGGAA
2022-005,A,7,F3.17.002,4,TGTAAGGTGG,AAGGCCTTGG
2022-005,B,7,F3.30.002,4,CAACTGCAAC,TGAACGCAAC
2022-005,C,7,F3.37.002,4,ACATGAGTGA,CCGCTTAGCT
2022-005,D,7,F3.23.002,4,GCAACCAGTC,CACCGAGGAA
2022-005,E,7,F3.03.002,4,GAGCGACGAT,CGTATAATCA
2022-005,F,7,S3.03.002,4,CGAACGCACC,ATGACAGAAC
2022-005,G,7,F3.36.002,4,TCTTACGCCG,ATTCATTGCA
2022-005,H,7,F3.02.002,4,AGCTGATGTC,TCATGTCCTG
2022-005,A,8,S3.01.002,4,CTGAATTAGT,AATTCGATCG
2022-005,B,8,F3.24.002,4,TAAGGAGGAA,TTCCGACATT
2022-005,C,8,F3.39.002,4,AGCTTACACA,TGGCACGACC
2022-005,D,8,F3.11.002,4,AACCAGCCAC,GCCACAGCAC
2022-005,E,8,S3.07.002,4,CTTAAGTCGA,CAGTAGTTGT
2022-005,F,8,S3.05.002,4,GCCTAACGTG,AGCTCTCAAG
2022-005,G,8,F3.29.002,4,ACTTACTTCA,TCTGGAATTA
2022-005,H,8,F3.16.002,4,CGCATTCCGT,ATTAGTGGAG
2022-005,A,9,F3.34.002,4,GATATCACAC,GACTATATGT
2022-005,B,9,F3.04.002,4,AGCGCTGTGT,CGTTCGGAAC
2022-005,C,9,F3.38.002,4,TCACCGCGCT,TCGATACTAG
2022-005,D,9,F3.35.002,4,GATAGCCTTG,TACCACAATG
2022-005,E,9,S3.09.002,4,CCTGGACGCA,TGGTATACCA
2022-005,F,9,S3.04.002,4,TTACGCACCT,GCTCTCGTTG
2022-005,G,9,F3.28.002,4,TCGTTGCTGC,GTCTCGTGAA
2022-005,H,9,F3.20.002,4,CGACAAGGAT,AAGGCCACCT
2022-005,A,10,F3.22.002,4,GTGTACCTTC,CTGTGAGCTA
2022-005,B,10,F3.14.002,4,ACCTGGCCAA,TCACAGATCG
2022-005,C,10,F3.32.002,4,TGTCTGGCCT,AGAAGCCAAT
2022-005,D,10,blank_2022-005_D10,4,AGTTAATGCT,ACTGCAGCCG
2022-005,E,10,F3.27.002,4,GGTGAGTAAT,AACATCTAGT
2022-005,F,10,F3.40.002,4,TACTCTGCGC,CCTTACTATG
2022-005,G,10,F3.31.002,4,AGGTATGGCG,GTGGCGAGAC
2022-005,H,10,F3.26.002,4,TCCAGCCTGC,GCCAGATCCA
2022-005,A,11,F3.05.002,4,GCCATATAAC,ACACAATATC
2022-005,B,11,S3.02.002,4,AGTGCGAGTG,TGGAGGTAAT
2022-005,C,11,F3.19.002,4,CTGAGCCGGT,CCTTCACGTA
2022-005,D,11,F3.18.002,4,AACGGTCTAT,CTATACGCGG
2022-005,E,11,F3.01.002,4,GTTGCGTTCA,GTTGCAGTTG
2022-005,F,11,F3.13.002,4,CTTCAACCAC,TTATGCGCCT
2022-005,G,11,F3.12.002,4,TCTATTCAGT,TCTCAGTACA
2022-005,H,11,S2.38.002,4,CAAGACGTCC,AGTATACGGA
2022-005,A,12,F3.25.002,4,TGAGTACAAC,ACGCTTGGAC
2022-005,B,12,F3.15.002,4,CCGCGGTTCT,GGAGTAGATT
2022-005,C,12,S3.06.002,4,ATTGATACTG,TACACGCTCC
2022-005,D,12,S2.37.002,4,GGATTATGGA,TCCGATAGAG
2022-005,E,12,F3.21.002,4,TGGTTCTCAT,CTCAAGGCCG
2022-005,F,12,S3.08.002,4,TCAACCACGA,CAAGTTCATA
2022-005,G,12,F3.33.002,4,TATGAACTTG,AATCCTTAGG
2022-005,H,12,S2.36.002,4,AGTGGTTAAG,GGTGGAATAC
2022-006,A,1,F3.18.003,2,TGCCGGTCAG,CCTGATACAA
2022-006,B,1,S3.03.003,2,CACTCAATTC,TTAAGTTGTG
2022-006,C,1,S3.08.003,2,TCTCACACGC,CGGACAGTGA
2022-006,D,1,S3.06.003,2,TCAATGGAGA,GCACTACAAC
2022-006,E,1,S3.09.003,2,ATATGCATGT,TGGTGCCTGG
2022-006,F,1,F3.04.003,2,ATGGCGCCTG,TCCACGGCCT
2022-006,G,1,F3.37.003,2,TCCGTTATGT,TTGTAGTGTA
2022-006,H,1,F3.20.003,2,GGTCTATTAA,CCACGACACG
2022-006,A,2,F3.27.003,2,CAGCAATCGT,TGTGATGTAT
2022-006,B,2,F3.02.003,2,TTCTGTAGAA,GAGCGCAATA
2022-006,C,2,F3.26.003,2,GAACGCAATA,ATCTTACTGT
2022-006,D,2,S3.04.003,2,AGTACTCATG,ATGTCGTGGT
2022-006,E,2,S2.36.003,2,GGTAGAATTA,GTAGCCATCA
2022-006,F,2,S3.01.003,2,TAATTAGCGT,TGGTTAAGAA
2022-006,G,2,F3.01.003,2,ATTAACAAGG,TGTTGTTCGT
2022-006,H,2,F3.30.003,2,TGATGGCTAC,CCAACAACAT
2022-006,A,3,F3.24.003,2,GAATTACAAG,ACCGGCTCAG
2022-006,B,3,S3.05.003,2,TAGAATTGGA,GTTAATCTGA
2022-006,C,3,F3.33.003,2,AGGCAGCTCT,CGGCTAACGT
2022-006,D,3,F3.15.003,2,ATCGGCGAAG,TCCAAGAATT
2022-006,E,3,F3.36.003,2,CCGTGACCGA,CCGAACGTTG
2022-006,F,3,F3.32.003,2,ATACTTGTTC,TAACCGCCGA
2022-006,G,3,F3.38.003,2,TCCGCCAATT,CTCCGTGCTG
2022-006,H,3,S2.38.003,2,AGGACAGGCC,CATTCCAGCT
2022-006,A,4,F3.17.003,2,AGAGAACCTA,GGTTATGCTA
2022-006,B,4,S3.07.003,2,GATATTGTGT,ACCACACGGT
2022-006,C,4,F3.11.003,2,CGTACAGGAA,TAGGTTCTCT
2022-006,D,4,F3.13.003,2,CTGCGTTACC,TATGGCTCGA
2022-006,E,4,F3.34.003,2,AGGCCGTGGA,CTCGTGCGTT
2022-006,F,4,F3.35.003,2,AGGAGGTATC,CCAGTTGGCA
2022-006,G,4,F3.28.003,2,GCTGACGTTG,TGTTCGCATT
2022-006,H,4,F3.23.003,2,CTAATAACCG,AACCGCATCG
2022-006,A,5,F3.22.003,2,TCTAGGCGCG,CGAAGGTTAA
2022-006,B,5,F3.39.003,2,ATAGCCAAGA,AGTGCCACTG
2022-006,C,5,F3.12.003,2,TTCGGTGTGA,GAACAAGTAT
2022-006,D,5,F3.19.003,2,ATGTAACGTT,ACGATTGCTG
2022-006,E,5,F3.14.003,2,AACGAGGCCG,ATACCTGGAT
2022-006,F,5,F3.40.003,2,TGGTGTTATG,TCCAATTCTA
2022-006,G,5,F3.03.003,2,TGGCCTCTGT,TGAGACAGCG
2022-006,H,5,F3.31.003,2,CCAGGCACCA,ACGCTAATTA
2022-006,A,6,F3.16.003,2,CCGGTTCCTA,TATATTCGAG
2022-006,B,6,F3.29.003,2,GGCCAATATT,CGGTCCGATA
2022-006,C,6,F3.05.003,2,GAATACCTAT,ACAATAGAGT
2022-006,D,6,F3.21.003,2,TACGTGAAGG,CGGTTATTAG
2022-006,E,6,S2.37.003,2,CTTATTGGCC,GATAACAAGT
2022-006,F,6,blank_2022-006_F6,2,ACAACTACTG,AGTTATCACA
2022-006,G,6,S3.02.003,2,GTTGGATGAA,TTCCAGGTAA
2022-006,H,6,F3.25.003,2,AATCCAATTG,CATGTAGAGG
2022-006,A,7,F3.24.004,2,TATGATGGCC,GATTGTCATA
2022-006,B,7,S3.02.004,2,CGCAGCAATT,ATTCCGCTAT
2022-006,C,7,F3.38.004,2,ACGTTCCTTA,GACCGCTGTG
2022-006,D,7,blank_2022-006_D7,2,CCGCGTATAG,TAGGAACCGG
2022-006,E,7,F3.16.004,2,GATTCTGAAT,AGCGGTGGAC
2022-006,F,7,F3.05.004,2,TAGAGAATAC,TATAGATTCG
2022-006,G,7,F3.23.004,2,TTGTATCAGG,ACAGAGGCCA
2022-006,H,7,S3.04.004,2,CACAGCGGTC,ATTCCTATTG
2022-006,A,8,S3.05.004,2,CCACGCTGAA,TATTCCTCAG
2022-006,B,8,S3.09.004,2,GTTCGGAGTT,CGCCTTCTGA
2022-006,C,8,F3.01.004,2,ATAGCGGAAT,GCGCAGAGTA
2022-006,D,8,S3.01.004,2,GCAATATTCA,GGCGCCAATT
2022-006,E,8,F3.36.004,2,CTAGATTGCG,AGATATGGCG
2022-006,F,8,F3.03.004,2,CGATGCGGTT,CCTGCTTGGT
2022-006,G,8,F3.19.004,2,TCCGGACTAG,GACGAACAAT
2022-006,H,8,S2.38.004,2,GTGACGGAGC,TGGCGGTCCA
2022-006,A,9,F3.14.004,2,AATTCCATCT,CTTCAGTTAC
2022-006,B,9,S3.06.004,2,TTAACGGTGT,TCCTGACCGT
2022-006,C,9,F3.15.004,2,ACTTGTTATC,CGCGCCTAGA
2022-006,D,9,F3.37.004,2,CGTGTACCAG,AGGATAAGTT
2022-006,E,9,S2.36.004,2,TTAACCTTCG,AGGCCAGACA
2022-006,F,9,F3.32.004,2,CATATGCGAT,CCTTGAACGG
2022-006,G,9,F3.04.004,2,AGCCTATGAT,CACCACCTAC
2022-006,H,9,F3.28.004,2,TATGACAATC,TTGCTTGTAT
2022-006,A,10,F3.02.004,2,ATGTTGTTGG,CAATCTATGA
2022-006,B,10,F3.40.004,2,GCACCACCAA,TGGTACTGAT
2022-006,C,10,F3.26.004,2,AGGCGTTCGC,TTCATCCAAC
2022-006,D,10,S3.03.004,2,CCTCCGGTTG,CATAACACCA
2022-006,E,10,S3.08.004,2,GTCCACCGCT,TCCTATTAGC
2022-006,F,10,S2.37.004,2,ATTGTTCGTC,TCTCTAGATT
2022-006,G,10,F3.22.004,2,GGACCAGTGG,CGCGAGCCTA
2022-006,H,10,F3.21.004,2,CCTTCTAACA,GATAAGCTCT
2022-006,A,11,F3.18.004,2,CTCGAATATA,GAGATGTCGA
2022-006,B,11,F3.31.004,2,GATCGTCGCG,CTGGATATGT
2022-006,C,11,F3.11.004,2,TATCCGAGGC,GGCCAATAAG
2022-006,D,11,F3.12.004,2,CGCTGTCTCA,ATTACTCACC
2022-006,E,11,F3.17.004,2,AATGCGAACA,AATTGGCGGA
2022-006,F,11,F3.13.004,2,AATTCTTGGA,TTGTCAACTT
2022-006,G,11,S3.07.004,2,TTCCTACAGC,GGCGAATTCT
2022-006,H,11,F3.25.004,2,ATCCAGGTAT,CAACGTCAGC
2022-006,A,12,F3.35.004,2,ACGGTCCAAC,TCTTACATCA
2022-006,B,12,F3.33.004,2,GTAACTTGGT,CGCCATACCT
2022-006,C,12,F3.30.004,2,AGCGCCACAC,CTAATGTCTT
2022-006,D,12,F3.39.004,2,TGCTACTGCC,CAACCGGAGG
2022-006,E,12,F3.34.004,2,CAACACCGCA,GGCAGTAGCA
2022-006,F,12,F3.29.004,2,CACCTTAATC,TTAGGATAGA
2022-006,G,12,F3.27.004,2,TTGAATGTTG,CGCAATCTAG
2022-006,H,12,F3.20.004,2,CCGGTAACAC,GAGTTGTACT
2021-018,A,1,F2.16.067,1,CGCTCAGTTC,TCGTGGAGCG
2021-018,B,1,F2.05.066,1,TATCTGACCT,CTACAAGATA
2021-018,C,1,F2.16.066,1,ATATGAGACG,TATAGTAGCT
2021-018,D,1,F2.03.067,1,CTTATGGAAT,TGCCTGGTGG
2021-018,E,1,F2.27.067,1,TAATCTCGTC,ACATTATCCT
2021-018,F,1,F2.03.066,1,GCGCGATGTT,GTCCACTTGT
2021-018,G,1,F2.25.066,1,AGAGCACTAG,TGGAACAGTA
2021-018,H,1,F2.27.066,1,TGCCTTGATC,CCTTGTTAAT
2021-018,A,2,F2.05.069,1,CTACTCAGTC,GTTGATAGTG
2021-018,B,2,F2.35.067,1,TCGTCTGACT,ACCAGCGACA
2021-018,C,2,F2.27.068,1,GAACATACGG,CATACACTGT
2021-018,D,2,F2.05.068,1,CCTATGACTC,GTGTGGCGCT
2021-018,E,2,F2.05.067,1,TAATGGCAAG,ATCACGAAGG
2021-018,F,2,F2.03.068,1,GTGCCGCTTC,CGGCTCTACT
2021-018,G,2,F2.16.068,1,CGGCAATGGA,GAATGCACGA
2021-018,H,2,F2.35.066,1,GCCGTAACCG,AAGACTATAG
2021-018,A,3,F2.05.070,1,AACCATTCTC,TCGGCAGCAA
2021-018,B,3,F2.16.070,1,GGTTGCCTCT,CTAATGATGG
2021-018,C,3,F2.27.070,1,CTAATGATGG,GGTTGCCTCT
2021-018,D,3,S2.12.005,1,TCGGCCTATC,CGCACATGGC
2021-018,E,3,F2.27.069,1,AGTCAACCAT,GGCCTGTCCT
2021-018,F,3,F2.35.068,1,GAGCGCAATA,CTGTGTTAGG
2021-018,G,3,F2.16.069,1,AACAAGGCGT,TAAGGAACGT
2021-018,H,3,F2.32.066,1,GTATGTAGAA,CTAACTGTAA
2021-018,A,4,F2.25.067,1,TTCTATGGTT,GGCGAGATGG
2021-018,B,4,F2.27.071,1,CCTCGCAACC,AATAGAGCAA
2021-018,C,4,F2.03.069,1,TGGATGCTTA,TCAATCCATT
2021-018,D,4,F2.35.070,1,ATGTCGTGGT,TCGTATGCGG
2021-018,E,4,F2.05.071,1,AGAGTGCGGC,TCCGACCTCG
2021-018,F,4,F2.16.071,1,TGCCTGGTGG,CTTATGGAAT
2021-018,G,4,F2.32.067,1,TGCGTGTCAC,GCTTACGGAC
2021-018,H,4,F2.35.069,1,CATACACTGT,GAACATACGG
2021-018,A,5,F2.35.072,1,CGTATAATCA,GTCGATTACA
2021-018,B,5,F2.27.072,1,TACGCGGCTG,ACTAGCCGTG
2021-018,C,5,F2.35.071,1,GCGAGTTACC,AAGTTGGTGA
2021-018,D,5,F2.05.072,1,TACGGCCGGT,TGGCAATATT
2021-018,E,5,F2.25.069,1,GTCGATTACA,GATCACCGCG
2021-018,F,5,F2.03.071,1,CTGTCTGCAC,TACCATCCGT
2021-018,G,5,F2.03.070,1,CAGCCGATTG,GCTGTAGGAA
2021-018,H,5,F2.25.068,1,TGACTACATA,CGCACTAATG
2021-018,A,6,F2.05.073,1,ATTGCCGAGT,GACAACTGAA
2021-018,B,6,F2.16.074,1,GCCATTAGAC,AGTGGTCAGG
2021-018,C,6,F2.27.074,1,GGCGAGATGG,TTCTATGGTT
2021-018,D,6,F2.16.073,1,TGGCTCGCAG,AATCCGGCCA
2021-018,E,6,F2.16.072,1,TAGAATAACG,CCATAAGGTT
2021-018,F,6,F2.27.073,1,TAATGGATCT,ATCTCTACCA
2021-018,G,6,F2.32.068,1,TATCCAGGAC,CGGTGGCGAA
2021-018,H,6,F2.03.072,1,AGTGCCACTG,TAACAATAGG
2021-018,A,7,F2.27.075,1,GTGCAACACT,CTGGTACACG
2021-018,B,7,F2.32.074,1,ACATGGTGTC,TCAACGTGTA
2021-018,C,7,F2.32.073,1,GACAGACAGG,ACTGTTGTGA
2021-018,D,7,F2.32.072,1,TCTTACATCA,GTGCGTCCTT
2021-018,E,7,F2.32.071,1,TTACAATTCC,AGCACATCCT
2021-018,F,7,F2.35.073,1,AAGCTTATGC,TTCCGTCGCA
2021-018,G,7,F2.32.070,1,TATTCCTCAG,CTTAACCACT
2021-018,H,7,F2.32.069,1,CTCGTGCGTT,GCCTCGGATA
2021-018,A,8,F2.03.073,1,TTAGGATAGA,CGTCGACTGG
2021-018,B,8,S2.12.006,1,CCGAAGCGAG,TACTAGTCAA
2021-018,C,8,F2.25.072,1,GGACCAACAG,ATAGACCGTT
2021-018,D,8,F2.25.071,1,TTCCAGGTAA,ACAGTTCCAG
2021-018,E,8,F2.35.074,1,TGATTAGCCA,AGGCATGTAG
2021-018,F,8,F2.25.070,1,TAACAGTGTT,GCAAGTCTCA
2021-018,G,8,F2.05.074,1,ACCGCGCAAT,TTGGCTCCGC
2021-018,H,8,F2.16.075,1,GTTCGCGCCA,AACTGATACT
2021-018,A,9,F2.27.076,1,AGACACATTA,GTAAGGCATA
2021-018,B,9,F2.03.076,1,GCGTTGGTAT,AATTGCTGCG
2021-018,C,9,F2.32.075,1,AGCACATCCT,TTACAATTCC
2021-018,D,9,F2.25.073,1,TTGTTCCGTG,AACCTAGCAC
2021-018,E,9,F2.35.075,1,AAGTACTCCA,TCTGTGTGGA
2021-018,F,9,F2.03.075,1,ACGTCAATAC,GGAATTCCAA
2021-018,G,9,F2.03.074,1,GGTGTACAAG,AAGCGCGCTT
2021-018,H,9,F2.05.075,1,CCACCTGTGT,TGAGCGTTGT
2021-018,A,10,S2.06.005,1,GTTCCGCAGG,ATCATAGGCT
2021-018,B,10,F2.27.077,1,ACCTTATGAA,TGTTAGAAGG
2021-018,C,10,F2.16.077,1,CGCTGCAGAG,GATGGATGTA
2021-018,D,10,S2.15.005,1,GTAGAGTCAG,ACGGCCGTCA
2021-018,E,10,F2.16.076,1,GGATACCAGA,CGTTGCTTAC
2021-018,F,10,F2.35.076,1,CGCACTAATG,TGACTACATA
2021-018,G,10,F2.03.077,1,TCCTGACCGT,CGGCCTCGTT
2021-018,H,10,F2.25.074,1,CTGGCTTGCC,CAAGCATCCG
2021-018,A,11,F2.32.077,1,ACCAGCGACA,TCGTCTGACT
2021-018,B,11,F2.35.077,1,TTGTAACGGT,CTCATAGCGA
2021-018,C,11,F2.05.077,1,GTAAGGCATA,AGACACATTA
2021-018,D,11,F2.25.077,1,GTCCACTTGT,GCGCGATGTT
2021-018,E,11,F2.05.076,1,TTAGGTACCA,CATGAGTACT
2021-018,F,11,F2.25.076,1,GGAATTCCAA,ACGTCAATAC
2021-018,G,11,F2.25.075,1,CATGTAGAGG,GATACCTCCT
2021-018,H,11,F2.32.076,1,TACACGCTCC,ATCCGTAAGT
2021-018,A,12,F2.32.078,1,GCTTACGGAC,CGTGTATCTT
2021-018,B,12,F2.25.078,1,CGCTTGAAGT,GAACCATGAA
2021-018,C,12,F2.35.078,1,CGCCTTCTGA,GGCCATCATA
2021-018,D,12,F2.16.078,1,ATACCAACGC,ACATACTTCC
2021-018,E,12,F2.27.078,1,CTGGATATGT,TATGTGCAAT
2021-018,F,12,F2.03.078,1,CAATCTATGA,GATTAAGGTG
2021-018,G,12,S2.12.007,1,GGTGGAATAC,ATGTAGACAA
2021-018,H,12,F2.05.078,1,TGGACGGAGG,CACATCGGTG
2021-023,A,1,F2.32.145,1,CGCTCAGTTC,TCGTGGAGCG
2021-023,B,1,F2.16.146,1,TATCTGACCT,CTACAAGATA
2021-023,C,1,F2.32.144,1,ATATGAGACG,TATAGTAGCT
2021-023,D,1,F2.16.145,1,CTTATGGAAT,TGCCTGGTGG
2021-023,E,1,F2.16.144,1,TAATCTCGTC,ACATTATCCT
2021-023,F,1,F2.05.144,1,GCGCGATGTT,GTCCACTTGT
2021-023,G,1,S2.01.010,1,AGAGCACTAG,TGGAACAGTA
2021-023,H,1,F2.03.144,1,TGCCTTGATC,CCTTGTTAAT
2021-023,A,2,F2.03.145,1,CTACTCAGTC,GTTGATAGTG
2021-023,B,2,F2.35.145,1,TCGTCTGACT,ACCAGCGACA
2021-023,C,2,F2.05.146,1,GAACATACGG,CATACACTGT
2021-023,D,2,F2.25.144,1,CCTATGACTC,GTGTGGCGCT
2021-023,E,2,F2.27.144,1,TAATGGCAAG,ATCACGAAGG
2021-023,F,2,F2.35.144,1,GTGCCGCTTC,CGGCTCTACT
2021-023,G,2,F2.16.147,1,CGGCAATGGA,GAATGCACGA
2021-023,H,2,F2.05.145,1,GCCGTAACCG,AAGACTATAG
2021-023,A,3,F2.16.149,1,AACCATTCTC,TCGGCAGCAA
2021-023,B,3,F2.35.147,1,GGTTGCCTCT,CTAATGATGG
2021-023,C,3,F2.05.147,1,CTAATGATGG,GGTTGCCTCT
2021-023,D,3,F2.27.145,1,TCGGCCTATC,CGCACATGGC
2021-023,E,3,F2.35.146,1,AGTCAACCAT,GGCCTGTCCT
2021-023,F,3,F2.16.148,1,GAGCGCAATA,CTGTGTTAGG
2021-023,G,3,F2.03.147,1,AACAAGGCGT,TAAGGAACGT
2021-023,H,3,F2.03.146,1,GTATGTAGAA,CTAACTGTAA
2021-023,A,4,S2.13.010,1,TTCTATGGTT,GGCGAGATGG
2021-023,B,4,F2.25.146,1,CCTCGCAACC,AATAGAGCAA
2021-023,C,4,F2.35.150,1,TGGATGCTTA,TCAATCCATT
2021-023,D,4,F2.35.149,1,ATGTCGTGGT,TCGTATGCGG
2021-023,E,4,F2.16.150,1,AGAGTGCGGC,TCCGACCTCG
2021-023,F,4,F2.25.145,1,TGCCTGGTGG,CTTATGGAAT
2021-023,G,4,F2.27.146,1,TGCGTGTCAC,GCTTACGGAC
2021-023,H,4,F2.35.148,1,CATACACTGT,GAACATACGG
2021-023,A,5,S2.13.011,1,CGTATAATCA,GTCGATTACA
2021-023,B,5,F2.25.148,1,TACGCGGCTG,ACTAGCCGTG
2021-023,C,5,F2.16.151,1,GCGAGTTACC,AAGTTGGTGA
2021-023,D,5,F2.32.147,1,TACGGCCGGT,TGGCAATATT
2021-023,E,5,F2.25.147,1,GTCGATTACA,GATCACCGCG
2021-023,F,5,F2.27.148,1,CTGTCTGCAC,TACCATCCGT
2021-023,G,5,F2.27.147,1,CAGCCGATTG,GCTGTAGGAA
2021-023,H,5,F2.32.146,1,TGACTACATA,CGCACTAATG
2021-023,A,6,F2.27.151,1,ATTGCCGAGT,GACAACTGAA
2021-023,B,6,F2.03.150,1,GCCATTAGAC,AGTGGTCAGG
2021-023,C,6,F2.05.148,1,GGCGAGATGG,TTCTATGGTT
2021-023,D,6,F2.03.149,1,TGGCTCGCAG,AATCCGGCCA
2021-023,E,6,F2.25.149,1,TAGAATAACG,CCATAAGGTT
2021-023,F,6,F2.27.150,1,TAATGGATCT,ATCTCTACCA
2021-023,G,6,F2.27.149,1,TATCCAGGAC,CGGTGGCGAA
2021-023,H,6,F2.03.148,1,AGTGCCACTG,TAACAATAGG
2021-023,A,7,F2.32.151,1,GTGCAACACT,CTGGTACACG
2021-023,B,7,F2.32.150,1,ACATGGTGTC,TCAACGTGTA
2021-023,C,7,F2.05.150,1,GACAGACAGG,ACTGTTGTGA
2021-023,D,7,F2.27.152,1,TCTTACATCA,GTGCGTCCTT
2021-023,E,7,F2.32.149,1,TTACAATTCC,AGCACATCCT
2021-023,F,7,F2.32.148,1,AAGCTTATGC,TTCCGTCGCA
2021-023,G,7,F2.05.149,1,TATTCCTCAG,CTTAACCACT
2021-023,H,7,F2.03.151,1,CTCGTGCGTT,GCCTCGGATA
2021-023,A,8,F2.05.152,1,TTAGGATAGA,CGTCGACTGG
2021-023,B,8,F2.16.152,1,CCGAAGCGAG,TACTAGTCAA
2021-023,C,8,F2.35.152,1,GGACCAACAG,ATAGACCGTT
2021-023,D,8,F2.25.151,1,TTCCAGGTAA,ACAGTTCCAG
2021-023,E,8,F2.35.151,1,TGATTAGCCA,AGGCATGTAG
2021-023,F,8,F2.05.151,1,TAACAGTGTT,GCAAGTCTCA
2021-023,G,8,F2.03.152,1,ACCGCGCAAT,TTGGCTCCGC
2021-023,H,8,F2.25.150,1,GTTCGCGCCA,AACTGATACT
2021-023,A,9,F2.05.154,1,AGACACATTA,GTAAGGCATA
2021-023,B,9,F2.05.153,1,GCGTTGGTAT,AATTGCTGCG
2021-023,C,9,F2.35.154,1,AGCACATCCT,TTACAATTCC
2021-023,D,9,F2.27.154,1,TTGTTCCGTG,AACCTAGCAC
2021-023,E,9,F2.35.153,1,AAGTACTCCA,TCTGTGTGGA
2021-023,F,9,F2.03.153,1,ACGTCAATAC,GGAATTCCAA
2021-023,G,9,F2.16.153,1,GGTGTACAAG,AAGCGCGCTT
2021-023,H,9,F2.27.153,1,CCACCTGTGT,TGAGCGTTGT
2021-023,A,10,F2.03.155,1,GTTCCGCAGG,ATCATAGGCT
2021-023,B,10,F2.25.153,1,ACCTTATGAA,TGTTAGAAGG
2021-023,C,10,F2.32.152,1,CGCTGCAGAG,GATGGATGTA
2021-023,D,10,F2.16.155,1,GTAGAGTCAG,ACGGCCGTCA
2021-023,E,10,F2.16.154,1,GGATACCAGA,CGTTGCTTAC
2021-023,F,10,F2.25.152,1,CGCACTAATG,TGACTACATA
2021-023,G,10,F2.05.155,1,TCCTGACCGT,CGGCCTCGTT
2021-023,H,10,F2.03.154,1,CTGGCTTGCC,CAAGCATCCG
2021-023,A,11,F2.35.156,1,ACCAGCGACA,TCGTCTGACT
2021-023,B,11,F2.27.155,1,TTGTAACGGT,CTCATAGCGA
2021-023,C,11,F2.16.156,1,GTAAGGCATA,AGACACATTA
2021-023,D,11,F2.35.155,1,GTCCACTTGT,GCGCGATGTT
2021-023,E,11,F2.32.154,1,TTAGGTACCA,CATGAGTACT
2021-023,F,11,F2.25.155,1,GGAATTCCAA,ACGTCAATAC
2021-023,G,11,F2.25.154,1,CATGTAGAGG,GATACCTCCT
2021-023,H,11,F2.32.153,1,TACACGCTCC,ATCCGTAAGT
2021-023,A,12,S2.15.011,1,GCTTACGGAC,CGTGTATCTT
2021-023,B,12,F2.32.156,1,CGCTTGAAGT,GAACCATGAA
2021-023,C,12,F2.03.156,1,CGCCTTCTGA,GGCCATCATA
2021-023,D,12,F2.27.156,1,ATACCAACGC,ACATACTTCC
2021-023,E,12,S2.15.010,1,CTGGATATGT,TATGTGCAAT
2021-023,F,12,F2.25.156,1,CAATCTATGA,GATTAAGGTG
2021-023,G,12,F2.05.156,1,GGTGGAATAC,ATGTAGACAA
2021-023,H,12,F2.32.155,1,TGGACGGAGG,CACATCGGTG
2021-021,A,1,F2.35.106,2,TGCCGGTCAG,CCTGATACAA
2021-021,B,1,S2.13.007,2,CACTCAATTC,TTAAGTTGTG
2021-021,C,1,F2.32.107,2,TCTCACACGC,CGGACAGTGA
2021-021,D,1,F2.32.106,2,TCAATGGAGA,GCACTACAAC
2021-021,E,1,F2.32.105,2,ATATGCATGT,TGGTGCCTGG
2021-021,F,1,F2.27.105,2,ATGGCGCCTG,TCCACGGCCT
2021-021,G,1,F2.35.105,2,TCCGTTATGT,TTGTAGTGTA
2021-021,H,1,F2.03.105,2,GGTCTATTAA,CCACGACACG
2021-021,A,2,F2.03.106,2,CAGCAATCGT,TGTGATGTAT
2021-021,B,2,F2.35.107,2,TTCTGTAGAA,GAGCGCAATA
2021-021,C,2,F2.16.107,2,GAACGCAATA,ATCTTACTGT
2021-021,D,2,F2.05.106,2,AGTACTCATG,ATGTCGTGGT
2021-021,E,2,F2.16.106,2,GGTAGAATTA,GTAGCCATCA
2021-021,F,2,F2.05.105,2,TAATTAGCGT,TGGTTAAGAA
2021-021,G,2,F2.16.105,2,ATTAACAAGG,TGTTGTTCGT
2021-021,H,2,F2.25.105,2,TGATGGCTAC,CCAACAACAT
2021-021,A,3,F2.03.108,2,GAATTACAAG,ACCGGCTCAG
2021-021,B,3,F2.27.106,2,TAGAATTGGA,GTTAATCTGA
2021-021,C,3,F2.03.107,2,AGGCAGCTCT,CGGCTAACGT
2021-021,D,3,F2.35.108,2,ATCGGCGAAG,TCCAAGAATT
2021-021,E,3,F2.05.109,2,CCGTGACCGA,CCGAACGTTG
2021-021,F,3,F2.25.106,2,ATACTTGTTC,TAACCGCCGA
2021-021,G,3,F2.05.108,2,TCCGCCAATT,CTCCGTGCTG
2021-021,H,3,F2.05.107,2,AGGACAGGCC,CATTCCAGCT
2021-021,A,4,F2.03.110,2,AGAGAACCTA,GGTTATGCTA
2021-021,B,4,F2.32.110,2,GATATTGTGT,ACCACACGGT
2021-021,C,4,F2.27.107,2,CGTACAGGAA,TAGGTTCTCT
2021-021,D,4,F2.32.109,2,CTGCGTTACC,TATGGCTCGA
2021-021,E,4,F2.32.108,2,AGGCCGTGGA,CTCGTGCGTT
2021-021,F,4,F2.05.110,2,AGGAGGTATC,CCAGTTGGCA
2021-021,G,4,F2.03.109,2,GCTGACGTTG,TGTTCGCATT
2021-021,H,4,S2.13.008,2,CTAATAACCG,AACCGCATCG
2021-021,A,5,F2.03.111,2,TCTAGGCGCG,CGAAGGTTAA
2021-021,B,5,F2.35.109,2,ATAGCCAAGA,AGTGCCACTG
2021-021,C,5,F2.16.110,2,TTCGGTGTGA,GAACAAGTAT
2021-021,D,5,F2.32.111,2,ATGTAACGTT,ACGATTGCTG
2021-021,E,5,F2.27.109,2,AACGAGGCCG,ATACCTGGAT
2021-021,F,5,F2.27.108,2,TGGTGTTATG,TCCAATTCTA
2021-021,G,5,F2.16.109,2,TGGCCTCTGT,TGAGACAGCG
2021-021,H,5,F2.16.108,2,CCAGGCACCA,ACGCTAATTA
2021-021,A,6,F2.35.111,2,CCGGTTCCTA,TATATTCGAG
2021-021,B,6,F2.05.111,2,GGCCAATATT,CGGTCCGATA
2021-021,C,6,F2.32.112,2,GAATACCTAT,ACAATAGAGT
2021-021,D,6,F2.27.111,2,TACGTGAAGG,CGGTTATTAG
2021-021,E,6,F2.35.110,2,CTTATTGGCC,GATAACAAGT
2021-021,F,6,S2.06.007,2,ACAACTACTG,AGTTATCACA
2021-021,G,6,F2.25.107,2,GTTGGATGAA,TTCCAGGTAA
2021-021,H,6,F2.27.110,2,AATCCAATTG,CATGTAGAGG
2021-021,A,7,F2.16.112,2,TATGATGGCC,GATTGTCATA
2021-021,B,7,F2.25.110,2,CGCAGCAATT,ATTCCGCTAT
2021-021,C,7,F2.05.112,2,ACGTTCCTTA,GACCGCTGTG
2021-021,D,7,F2.25.109,2,CCGCGTATAG,TAGGAACCGG
2021-021,E,7,F2.25.108,2,GATTCTGAAT,AGCGGTGGAC
2021-021,F,7,F2.03.112,2,TAGAGAATAC,TATAGATTCG
2021-021,G,7,F2.35.112,2,TTGTATCAGG,ACAGAGGCCA
2021-021,H,7,F2.16.111,2,CACAGCGGTC,ATTCCTATTG
2021-021,A,8,F2.03.114,2,CCACGCTGAA,TATTCCTCAG
2021-021,B,8,F2.25.111,2,GTTCGGAGTT,CGCCTTCTGA
2021-021,C,8,F2.03.113,2,ATAGCGGAAT,GCGCAGAGTA
2021-021,D,8,F2.35.113,2,GCAATATTCA,GGCGCCAATT
2021-021,E,8,F2.32.113,2,CTAGATTGCG,AGATATGGCG
2021-021,F,8,F2.16.113,2,CGATGCGGTT,CCTGCTTGGT
2021-021,G,8,F2.27.112,2,TCCGGACTAG,GACGAACAAT
2021-021,H,8,F2.05.113,2,GTGACGGAGC,TGGCGGTCCA
2021-021,A,9,F2.25.114,2,AATTCCATCT,CTTCAGTTAC
2021-021,B,9,F2.27.114,2,TTAACGGTGT,TCCTGACCGT
2021-021,C,9,F2.05.114,2,ACTTGTTATC,CGCGCCTAGA
2021-021,D,9,F2.25.113,2,CGTGTACCAG,AGGATAAGTT
2021-021,E,9,F2.35.115,2,TTAACCTTCG,AGGCCAGACA
2021-021,F,9,F2.35.114,2,CATATGCGAT,CCTTGAACGG
2021-021,G,9,F2.25.112,2,AGCCTATGAT,CACCACCTAC
2021-021,H,9,F2.27.113,2,TATGACAATC,TTGCTTGTAT
2021-021,A,10,F2.32.116,2,ATGTTGTTGG,CAATCTATGA
2021-021,B,10,F2.32.115,2,GCACCACCAA,TGGTACTGAT
2021-021,C,10,F2.05.116,2,AGGCGTTCGC,TTCATCCAAC
2021-021,D,10,F2.05.115,2,CCTCCGGTTG,CATAACACCA
2021-021,E,10,F2.03.116,2,GTCCACCGCT,TCCTATTAGC
2021-021,F,10,F2.32.114,2,ATTGTTCGTC,TCTCTAGATT
2021-021,G,10,F2.03.115,2,GGACCAGTGG,CGCGAGCCTA
2021-021,H,10,S2.14.009,2,CCTTCTAACA,GATAAGCTCT
2021-021,A,11,F2.25.116,2,CTCGAATATA,GAGATGTCGA
2021-021,B,11,F2.16.115,2,GATCGTCGCG,CTGGATATGT
2021-021,C,11,F2.32.117,2,TATCCGAGGC,GGCCAATAAG
2021-021,D,11,F2.27.116,2,CGCTGTCTCA,ATTACTCACC
2021-021,E,11,F2.35.116,2,AATGCGAACA,AATTGGCGGA
2021-021,F,11,F2.27.115,2,AATTCTTGGA,TTGTCAACTT
2021-021,G,11,F2.16.114,2,TTCCTACAGC,GGCGAATTCT
2021-021,H,11,F2.25.115,2,ATCCAGGTAT,CAACGTCAGC
2021-021,A,12,F2.03.117,2,ACGGTCCAAC,TCTTACATCA
2021-021,B,12,Col0_2021-021_B12,2,GTAACTTGGT,CGCCATACCT
2021-021,C,12,S2.15.007,2,AGCGCCACAC,CTAATGTCTT
2021-021,D,12,F2.27.117,2,TGCTACTGCC,CAACCGGAGG
2021-021,E,12,F2.16.117,2,CAACACCGCA,GGCAGTAGCA
2021-021,F,12,F2.25.117,2,CACCTTAATC,TTAGGATAGA
2021-021,G,12,F2.35.117,2,TTGAATGTTG,CGCAATCTAG
2021-021,H,12,F2.16.116,2,CCGGTAACAC,GAGTTGTACT
